{"Task": 19, "Epoch": 1.0, "Iter": 9, "Loss": 0.222, "Total Acc": 0.70868, "Curr Task Acc": 0.4555, "_step": 200, "_runtime": 40, "_timestamp": 1610252015, "result_val_t": {"_type": "histogram", "values": [2, 2, 0, 2, 0, 2, 2, 0, 2, 0, 2, 2, 0, 2, 0, 2, 2, 0, 2, 0, 2, 2, 0, 2, 0, 2, 2, 0, 2, 0, 2, 2], "bins": [0.0, 0.59375, 1.1875, 1.78125, 2.375, 2.96875, 3.5625, 4.15625, 4.75, 5.34375, 5.9375, 6.53125, 7.125, 7.71875, 8.3125, 8.90625, 9.5, 10.09375, 10.6875, 11.28125, 11.875, 12.46875, 13.0625, 13.65625, 14.25, 14.84375, 15.4375, 16.03125, 16.625, 17.21875, 17.8125, 18.40625, 19.0]}, "result_val_a": {"_type": "histogram", "values": [3, 18, 51, 116, 56, 18, 16, 12, 8, 12, 4, 14, 8, 4, 10, 14, 10, 6, 8, 6, 5, 10, 8, 8, 18, 14, 14, 31, 83, 85, 80, 50], "bins": [0.0478999987244606, 0.07197500020265579, 0.09605000168085098, 0.12012500315904617, 0.14419999718666077, 0.16827499866485596, 0.19235000014305115, 0.21642500162124634, 0.24050000309944153, 0.2645750045776367, 0.2886500060558319, 0.3127250075340271, 0.3368000090122223, 0.3608750104904175, 0.38495001196861267, 0.40902501344680786, 0.43310001492500305, 0.45717501640319824, 0.48125001788139343, 0.5053250193595886, 0.5293999910354614, 0.553475022315979, 0.5775499939918518, 0.6016250252723694, 0.6256999969482422, 0.6497750282287598, 0.6738499999046326, 0.6979250311851501, 0.722000002861023, 0.7460750341415405, 0.7701500058174133, 0.7942250370979309, 0.8183000087738037]}, "result_test_t": [], "result_test_a": []}