{"Task": 19, "Epoch": 1.0, "Iter": 9, "Loss": 1.121, "Total Acc": 0.70896, "Curr Task Acc": 0.4024, "_step": 200, "_runtime": 38, "_timestamp": 1610252271, "result_val_t": {"_type": "histogram", "values": [2, 2, 0, 2, 0, 2, 2, 0, 2, 0, 2, 2, 0, 2, 0, 2, 2, 0, 2, 0, 2, 2, 0, 2, 0, 2, 2, 0, 2, 0, 2, 2], "bins": [0.0, 0.59375, 1.1875, 1.78125, 2.375, 2.96875, 3.5625, 4.15625, 4.75, 5.34375, 5.9375, 6.53125, 7.125, 7.71875, 8.3125, 8.90625, 9.5, 10.09375, 10.6875, 11.28125, 11.875, 12.46875, 13.0625, 13.65625, 14.25, 14.84375, 15.4375, 16.03125, 16.625, 17.21875, 17.8125, 18.40625, 19.0]}, "result_val_a": {"_type": "histogram", "values": [6, 35, 42, 64, 71, 32, 22, 8, 10, 14, 6, 10, 12, 8, 10, 6, 4, 12, 7, 10, 8, 12, 8, 11, 8, 21, 24, 34, 70, 103, 74, 38], "bins": [0.06679999828338623, 0.0906437486410141, 0.11448749899864197, 0.13833124935626984, 0.1621749997138977, 0.18601875007152557, 0.20986250042915344, 0.2337062507867813, 0.2575500011444092, 0.28139376640319824, 0.3052375018596649, 0.3290812373161316, 0.35292500257492065, 0.3767687678337097, 0.4006125032901764, 0.42445623874664307, 0.44830000400543213, 0.4721437692642212, 0.49598750472068787, 0.5198312401771545, 0.5436750054359436, 0.5675187706947327, 0.591362476348877, 0.615206241607666, 0.6390500068664551, 0.6628937721252441, 0.6867375373840332, 0.7105812430381775, 0.7344250082969666, 0.7582687735557556, 0.7821124792098999, 0.805956244468689, 0.829800009727478]}, "result_test_t": [], "result_test_a": []}