{"Task": 19, "Epoch": 1.0, "Iter": 9, "Loss": 0.247, "Total Acc": 0.70319, "Curr Task Acc": 0.4333, "_step": 200, "_runtime": 38, "_timestamp": 1610255886, "result_val_t": {"_type": "histogram", "values": [2, 2, 0, 2, 0, 2, 2, 0, 2, 0, 2, 2, 0, 2, 0, 2, 2, 0, 2, 0, 2, 2, 0, 2, 0, 2, 2, 0, 2, 0, 2, 2], "bins": [0.0, 0.59375, 1.1875, 1.78125, 2.375, 2.96875, 3.5625, 4.15625, 4.75, 5.34375, 5.9375, 6.53125, 7.125, 7.71875, 8.3125, 8.90625, 9.5, 10.09375, 10.6875, 11.28125, 11.875, 12.46875, 13.0625, 13.65625, 14.25, 14.84375, 15.4375, 16.03125, 16.625, 17.21875, 17.8125, 18.40625, 19.0]}, "result_val_a": {"_type": "histogram", "values": [6, 13, 72, 73, 50, 46, 22, 12, 22, 8, 4, 6, 10, 10, 8, 6, 14, 4, 11, 4, 10, 6, 10, 19, 17, 22, 51, 79, 63, 60, 38, 24], "bins": [0.0608999989926815, 0.08541874587535858, 0.10993749648332596, 0.13445624709129333, 0.1589750051498413, 0.1834937483072281, 0.20801249146461487, 0.23253124952316284, 0.2570500075817108, 0.2815687358379364, 0.3060874938964844, 0.33060625195503235, 0.3551250100135803, 0.3796437382698059, 0.4041624963283539, 0.42868125438690186, 0.45319998264312744, 0.4777187407016754, 0.5022374987602234, 0.526756227016449, 0.5512750148773193, 0.5757937431335449, 0.6003124713897705, 0.6248312592506409, 0.6493499875068665, 0.673868715763092, 0.6983875036239624, 0.722906231880188, 0.7474250197410583, 0.7719437479972839, 0.7964624762535095, 0.8209812641143799, 0.8454999923706055]}, "result_test_t": [], "result_test_a": []}