{"Task": 19, "Epoch": 1.0, "Iter": 99, "Loss": 0.021, "Total Acc": 0.78854, "Curr Task Acc": 0.7013, "_step": 2000, "_runtime": 277, "_timestamp": 1610251953, "result_val_t": {"_type": "histogram", "values": [2, 2, 0, 2, 0, 2, 2, 0, 2, 0, 2, 2, 0, 2, 0, 2, 2, 0, 2, 0, 2, 2, 0, 2, 0, 2, 2, 0, 2, 0, 2, 2], "bins": [0.0, 0.59375, 1.1875, 1.78125, 2.375, 2.96875, 3.5625, 4.15625, 4.75, 5.34375, 5.9375, 6.53125, 7.125, 7.71875, 8.3125, 8.90625, 9.5, 10.09375, 10.6875, 11.28125, 11.875, 12.46875, 13.0625, 13.65625, 14.25, 14.84375, 15.4375, 16.03125, 16.625, 17.21875, 17.8125, 18.40625, 19.0]}, "result_val_a": {"_type": "histogram", "values": [3, 12, 96, 49, 44, 24, 10, 8, 10, 6, 6, 10, 8, 4, 6, 4, 12, 4, 4, 8, 9, 4, 4, 13, 17, 24, 52, 56, 62, 59, 86, 86], "bins": [0.0478999987244606, 0.07497187703847885, 0.1020437479019165, 0.12911562621593475, 0.156187504529953, 0.18325936794281006, 0.2103312462568283, 0.23740312457084656, 0.2644749879837036, 0.29154688119888306, 0.3186187446117401, 0.34569063782691956, 0.3727625012397766, 0.39983436465263367, 0.4269062578678131, 0.45397812128067017, 0.4810500144958496, 0.508121907711029, 0.5351937413215637, 0.5622656345367432, 0.5893375277519226, 0.6164093613624573, 0.6434812545776367, 0.6705531477928162, 0.6976249814033508, 0.7246968746185303, 0.7517687678337097, 0.7788406610488892, 0.8059124946594238, 0.8329843878746033, 0.8600562810897827, 0.8871281147003174, 0.9142000079154968]}, "result_test_t": [], "result_test_a": []}