{"Task": 19, "Epoch": 1.0, "Iter": 9, "Loss": 143.949, "Total Acc": 0.17258, "Curr Task Acc": 0.1303, "_step": 200, "_runtime": 48, "_timestamp": 1610257489, "result_val_t": {"_type": "histogram", "values": [2, 2, 0, 2, 0, 2, 2, 0, 2, 0, 2, 2, 0, 2, 0, 2, 2, 0, 2, 0, 2, 2, 0, 2, 0, 2, 2, 0, 2, 0, 2, 2], "bins": [0.0, 0.59375, 1.1875, 1.78125, 2.375, 2.96875, 3.5625, 4.15625, 4.75, 5.34375, 5.9375, 6.53125, 7.125, 7.71875, 8.3125, 8.90625, 9.5, 10.09375, 10.6875, 11.28125, 11.875, 12.46875, 13.0625, 13.65625, 14.25, 14.84375, 15.4375, 16.03125, 16.625, 17.21875, 17.8125, 18.40625, 19.0]}, "result_val_a": {"_type": "histogram", "values": [14, 8, 18, 20, 57, 57, 65, 56, 49, 40, 48, 27, 29, 36, 22, 38, 47, 18, 12, 17, 14, 20, 6, 10, 12, 18, 12, 14, 4, 6, 2, 4], "bins": [0.0608999989926815, 0.06771562248468399, 0.07453124970197678, 0.08134687691926956, 0.08816250413656235, 0.09497812390327454, 0.10179375112056732, 0.10860937833786011, 0.1154250055551529, 0.12224062532186508, 0.12905625998973846, 0.13587187230587006, 0.14268749952316284, 0.14950312674045563, 0.1563187539577484, 0.1631343811750412, 0.16995000839233398, 0.17676563560962677, 0.18358126282691956, 0.19039689004421234, 0.19721250236034393, 0.20402812957763672, 0.2108437567949295, 0.2176593840122223, 0.22447501122951508, 0.23129063844680786, 0.23810626566410065, 0.24492189288139343, 0.251737505197525, 0.258553147315979, 0.2653687596321106, 0.2721844017505646, 0.27900001406669617]}, "result_test_t": [], "result_test_a": []}